,IGD,RUN,r,c,m,v,EAR,ALGORITHM,PROBLEM,T_POP,N_GENS,TOT_AVALS,IVF_AVALS
0,0.004669102134070409,1,0.1,7,0.5,0.5,EARP,IVF/SPEA2,ZDT1,100,10001,1000000,19380
1,0.0043252177720409166,2,0.1,7,0.5,0.5,EARP,IVF/SPEA2,ZDT1,100,10001,1000000,18348
2,0.004814511735689672,3,0.1,7,0.5,0.5,EARP,IVF/SPEA2,ZDT1,100,10001,1000000,18420
3,0.004609717315503082,4,0.1,7,0.5,0.5,EARP,IVF/SPEA2,ZDT1,100,10001,1000000,18564
4,0.004472574363835635,5,0.1,7,0.5,0.5,EARP,IVF/SPEA2,ZDT1,100,10001,1000000,17808
5,0.004859978988526024,6,0.1,7,0.5,0.5,EARP,IVF/SPEA2,ZDT1,100,10001,1000000,17544
6,0.00476661466549477,7,0.1,7,0.5,0.5,EARP,IVF/SPEA2,ZDT1,100,10001,1000000,18444
7,0.0046759252063363396,8,0.1,7,0.5,0.5,EARP,IVF/SPEA2,ZDT1,100,10001,1000000,18648
8,0.0047885283240780415,9,0.1,7,0.5,0.5,EARP,IVF/SPEA2,ZDT1,100,10001,1000000,17964
