,IGD,RUN,r,c,m,v,EAR,ALGORITHM,PROBLEM,T_POP,N_GENS,TOT_AVALS,IVF_AVALS
0,0.0684867560453836,1,0.5,23,0.25,1,EARX,IVF/SPEA2,ZDT5,100,10001,1000000,157420
1,0.07197506390386836,2,0.5,23,0.25,1,EARX,IVF/SPEA2,ZDT5,100,10001,1000000,157360
2,0.06777153156722567,3,0.5,23,0.25,1,EARX,IVF/SPEA2,ZDT5,100,10001,1000000,157120
3,0.07284479463721678,4,0.5,23,0.25,1,EARX,IVF/SPEA2,ZDT5,100,10001,1000000,155860
4,0.07095671768674247,5,0.5,23,0.25,1,EARX,IVF/SPEA2,ZDT5,100,10001,1000000,158640
