,IGD,RUN,r,c,m,v,EAR,ALGORITHM,PROBLEM,T_POP,N_GENS,TOT_AVALS,IVF_AVALS
0,0.07259921188691446,1,0.3,23,0.5,0.5,EARP,IVF/SPEA2,ZDT5,100,10001,1000000,200900
1,0.06963589292234319,2,0.3,23,0.5,0.5,EARP,IVF/SPEA2,ZDT5,100,10001,1000000,196236
2,0.07510047245916726,3,0.3,23,0.5,0.5,EARP,IVF/SPEA2,ZDT5,100,10001,1000000,200324
3,0.07145929218039511,4,0.3,23,0.5,0.5,EARP,IVF/SPEA2,ZDT5,100,10001,1000000,198104
4,0.06821137400821806,5,0.3,23,0.5,0.5,EARP,IVF/SPEA2,ZDT5,100,10001,1000000,199604
5,0.07698260393007887,6,0.3,23,0.5,0.5,EARP,IVF/SPEA2,ZDT5,100,10001,1000000,194064
6,0.07103288289266656,7,0.3,23,0.5,0.5,EARP,IVF/SPEA2,ZDT5,100,10001,1000000,197084
